-- MySQL dump 10.13  Distrib 5.5.57, for debian-linux-gnu (x86_64)
--
-- Host: 0.0.0.0    Database: ephedra
-- ------------------------------------------------------
-- Server version	5.5.57-0ubuntu0.14.04.1

/*!40101 SET @OLD_CHARACTER_SET_CLIENT=@@CHARACTER_SET_CLIENT */;
/*!40101 SET @OLD_CHARACTER_SET_RESULTS=@@CHARACTER_SET_RESULTS */;
/*!40101 SET @OLD_COLLATION_CONNECTION=@@COLLATION_CONNECTION */;
/*!40101 SET NAMES utf8 */;
/*!40103 SET @OLD_TIME_ZONE=@@TIME_ZONE */;
/*!40103 SET TIME_ZONE='+00:00' */;
/*!40014 SET @OLD_UNIQUE_CHECKS=@@UNIQUE_CHECKS, UNIQUE_CHECKS=0 */;
/*!40014 SET @OLD_FOREIGN_KEY_CHECKS=@@FOREIGN_KEY_CHECKS, FOREIGN_KEY_CHECKS=0 */;
/*!40101 SET @OLD_SQL_MODE=@@SQL_MODE, SQL_MODE='NO_AUTO_VALUE_ON_ZERO' */;
/*!40111 SET @OLD_SQL_NOTES=@@SQL_NOTES, SQL_NOTES=0 */;

--
-- Table structure for table `article_image`
--

DROP TABLE IF EXISTS `article_image`;
/*!40101 SET @saved_cs_client     = @@character_set_client */;
/*!40101 SET character_set_client = utf8 */;
CREATE TABLE `article_image` (
  `id` int(11) NOT NULL AUTO_INCREMENT,
  `article_id` int(11) DEFAULT NULL,
  `name` varchar(255) COLLATE utf8_unicode_ci NOT NULL,
  PRIMARY KEY (`id`),
  KEY `IDX_B28A764E7294869C` (`article_id`),
  CONSTRAINT `FK_B28A764E7294869C` FOREIGN KEY (`article_id`) REFERENCES `articles` (`id`)
) ENGINE=InnoDB AUTO_INCREMENT=8 DEFAULT CHARSET=utf8 COLLATE=utf8_unicode_ci;
/*!40101 SET character_set_client = @saved_cs_client */;

--
-- Dumping data for table `article_image`
--

LOCK TABLES `article_image` WRITE;
/*!40000 ALTER TABLE `article_image` DISABLE KEYS */;
INSERT INTO `article_image` VALUES (1,1,'article_medium'),(2,2,'cactus'),(3,3,'succulente'),(4,4,'ficus_elastica'),(5,5,'aloe_vera'),(6,6,'spathiphyllum'),(7,7,'lot_succulentes');
/*!40000 ALTER TABLE `article_image` ENABLE KEYS */;
UNLOCK TABLES;

--
-- Table structure for table `article_images`
--

DROP TABLE IF EXISTS `article_images`;
/*!40101 SET @saved_cs_client     = @@character_set_client */;
/*!40101 SET character_set_client = utf8 */;
CREATE TABLE `article_images` (
  `id` int(11) NOT NULL AUTO_INCREMENT,
  `article_id` int(11) DEFAULT NULL,
  `name` varchar(255) COLLATE utf8_unicode_ci NOT NULL,
  PRIMARY KEY (`id`),
  KEY `IDX_8AD829EA7294869C` (`article_id`),
  CONSTRAINT `FK_8AD829EA7294869C` FOREIGN KEY (`article_id`) REFERENCES `articles` (`id`)
) ENGINE=InnoDB DEFAULT CHARSET=utf8 COLLATE=utf8_unicode_ci;
/*!40101 SET character_set_client = @saved_cs_client */;

--
-- Dumping data for table `article_images`
--

LOCK TABLES `article_images` WRITE;
/*!40000 ALTER TABLE `article_images` DISABLE KEYS */;
/*!40000 ALTER TABLE `article_images` ENABLE KEYS */;
UNLOCK TABLES;

--
-- Table structure for table `article_order`
--

DROP TABLE IF EXISTS `article_order`;
/*!40101 SET @saved_cs_client     = @@character_set_client */;
/*!40101 SET character_set_client = utf8 */;
CREATE TABLE `article_order` (
  `order_id` int(11) NOT NULL,
  `article_id` int(11) NOT NULL,
  `quantity` int(11) NOT NULL,
  PRIMARY KEY (`article_id`,`order_id`),
  KEY `IDX_829EE1898D9F6D38` (`order_id`),
  KEY `IDX_829EE1897294869C` (`article_id`),
  CONSTRAINT `FK_829EE1897294869C` FOREIGN KEY (`article_id`) REFERENCES `articles` (`id`),
  CONSTRAINT `FK_829EE1898D9F6D38` FOREIGN KEY (`order_id`) REFERENCES `orders` (`id`)
) ENGINE=InnoDB DEFAULT CHARSET=utf8 COLLATE=utf8_unicode_ci;
/*!40101 SET character_set_client = @saved_cs_client */;

--
-- Dumping data for table `article_order`
--

LOCK TABLES `article_order` WRITE;
/*!40000 ALTER TABLE `article_order` DISABLE KEYS */;
INSERT INTO `article_order` VALUES (13,1,1),(1,2,0),(2,2,0),(3,2,0),(4,2,0),(5,2,0),(6,2,0),(14,2,4),(15,2,3),(16,2,3),(17,2,2),(18,2,2),(7,3,0),(8,3,0),(9,3,0),(10,3,0),(15,3,1),(17,3,1),(11,5,0),(12,5,0);
/*!40000 ALTER TABLE `article_order` ENABLE KEYS */;
UNLOCK TABLES;

--
-- Table structure for table `articles`
--

DROP TABLE IF EXISTS `articles`;
/*!40101 SET @saved_cs_client     = @@character_set_client */;
/*!40101 SET character_set_client = utf8 */;
CREATE TABLE `articles` (
  `id` int(11) NOT NULL AUTO_INCREMENT,
  `name` varchar(255) COLLATE utf8_unicode_ci NOT NULL,
  `price` double NOT NULL,
  `description` longtext COLLATE utf8_unicode_ci NOT NULL,
  `category_id` int(11) DEFAULT NULL,
  PRIMARY KEY (`id`),
  KEY `IDX_BFDD316812469DE2` (`category_id`),
  CONSTRAINT `FK_BFDD316812469DE2` FOREIGN KEY (`category_id`) REFERENCES `categories` (`id`)
) ENGINE=InnoDB AUTO_INCREMENT=8 DEFAULT CHARSET=utf8 COLLATE=utf8_unicode_ci;
/*!40101 SET character_set_client = @saved_cs_client */;

--
-- Dumping data for table `articles`
--

LOCK TABLES `articles` WRITE;
/*!40000 ALTER TABLE `articles` DISABLE KEYS */;
INSERT INTO `articles` VALUES (1,'Liane du diable',42,'La plante emblématique',1),(2,'Cactus',12,'Une plante emblématique',1),(3,'Succulente',2,'Une plante résistante !',1),(4,'Ficus Elastica',13.05,'Une plante d\'intérieure facile d\'entretien',1),(5,'Aloe Vera',6.99,'Bien connue pour ses propriétés',1),(6,'Spathiphyllum',24.5,'Elles sont originaires d\'Afrique du Sud',2),(7,'Lot de succulentes',18.2,'Pourquoi se contenter d\'une seule succulente quand on peut en avoir plus ?',2);
/*!40000 ALTER TABLE `articles` ENABLE KEYS */;
UNLOCK TABLES;

--
-- Table structure for table `categories`
--

DROP TABLE IF EXISTS `categories`;
/*!40101 SET @saved_cs_client     = @@character_set_client */;
/*!40101 SET character_set_client = utf8 */;
CREATE TABLE `categories` (
  `id` int(11) NOT NULL AUTO_INCREMENT,
  `name` varchar(255) COLLATE utf8_unicode_ci NOT NULL,
  PRIMARY KEY (`id`)
) ENGINE=InnoDB AUTO_INCREMENT=3 DEFAULT CHARSET=utf8 COLLATE=utf8_unicode_ci;
/*!40101 SET character_set_client = @saved_cs_client */;

--
-- Dumping data for table `categories`
--

LOCK TABLES `categories` WRITE;
/*!40000 ALTER TABLE `categories` DISABLE KEYS */;
INSERT INTO `categories` VALUES (1,'Plantes d\'intérieur'),(2,'Plantes d\'extérieur');
/*!40000 ALTER TABLE `categories` ENABLE KEYS */;
UNLOCK TABLES;

--
-- Table structure for table `clients`
--

DROP TABLE IF EXISTS `clients`;
/*!40101 SET @saved_cs_client     = @@character_set_client */;
/*!40101 SET character_set_client = utf8 */;
CREATE TABLE `clients` (
  `id` int(11) NOT NULL AUTO_INCREMENT,
  `user_id` int(11) DEFAULT NULL,
  `lastname` varchar(255) COLLATE utf8_unicode_ci NOT NULL,
  `firstname` varchar(255) COLLATE utf8_unicode_ci NOT NULL,
  `address` varchar(255) COLLATE utf8_unicode_ci NOT NULL,
  `city` varchar(255) COLLATE utf8_unicode_ci NOT NULL,
  `postal_code` varchar(255) COLLATE utf8_unicode_ci NOT NULL,
  PRIMARY KEY (`id`),
  UNIQUE KEY `UNIQ_C82E74A76ED395` (`user_id`),
  CONSTRAINT `FK_C82E74A76ED395` FOREIGN KEY (`user_id`) REFERENCES `users` (`id`)
) ENGINE=InnoDB AUTO_INCREMENT=10 DEFAULT CHARSET=utf8 COLLATE=utf8_unicode_ci;
/*!40101 SET character_set_client = @saved_cs_client */;

--
-- Dumping data for table `clients`
--

LOCK TABLES `clients` WRITE;
/*!40000 ALTER TABLE `clients` DISABLE KEYS */;
INSERT INTO `clients` VALUES (1,6,'hello','world','hello','hello','world'),(2,7,'yeay','hello','dsqdqs','Strasbourg','67100'),(3,8,'dqsd','dsqd','dsqd','dsqdqsd','dsqd'),(4,9,'dsqd','dsqd','dsqd','dsqd','dsqd'),(5,10,'NomDeFamille','Prénom : Toothless','Superbe rue','Strasbourg !','670001'),(6,11,'hello','hello','hello','hello','67000'),(7,12,'test','hello','com','hello','test'),(8,13,'test','hello','com','hello','test'),(9,14,'Compte','Mon Nouveau','Superbe','nouv','nouv');
/*!40000 ALTER TABLE `clients` ENABLE KEYS */;
UNLOCK TABLES;

--
-- Table structure for table `orders`
--

DROP TABLE IF EXISTS `orders`;
/*!40101 SET @saved_cs_client     = @@character_set_client */;
/*!40101 SET character_set_client = utf8 */;
CREATE TABLE `orders` (
  `id` int(11) NOT NULL AUTO_INCREMENT,
  `client_id` int(11) DEFAULT NULL,
  `date` date NOT NULL,
  PRIMARY KEY (`id`),
  KEY `IDX_E52FFDEE19EB6921` (`client_id`),
  CONSTRAINT `FK_E52FFDEE19EB6921` FOREIGN KEY (`client_id`) REFERENCES `clients` (`id`)
) ENGINE=InnoDB AUTO_INCREMENT=19 DEFAULT CHARSET=utf8 COLLATE=utf8_unicode_ci;
/*!40101 SET character_set_client = @saved_cs_client */;

--
-- Dumping data for table `orders`
--

LOCK TABLES `orders` WRITE;
/*!40000 ALTER TABLE `orders` DISABLE KEYS */;
INSERT INTO `orders` VALUES (1,5,'2018-11-25'),(2,5,'2018-11-25'),(3,5,'2018-11-25'),(4,5,'2018-11-25'),(5,5,'2018-11-25'),(6,5,'2018-11-25'),(7,5,'2018-11-25'),(8,5,'2018-11-25'),(9,5,'2018-11-25'),(10,5,'2018-11-25'),(11,5,'2018-11-25'),(12,5,'2018-11-25'),(13,6,'2018-11-27'),(14,6,'2018-11-27'),(15,8,'2018-11-27'),(16,7,'2018-11-27'),(17,9,'2018-11-29'),(18,9,'2018-11-29');
/*!40000 ALTER TABLE `orders` ENABLE KEYS */;
UNLOCK TABLES;

--
-- Table structure for table `users`
--

DROP TABLE IF EXISTS `users`;
/*!40101 SET @saved_cs_client     = @@character_set_client */;
/*!40101 SET character_set_client = utf8 */;
CREATE TABLE `users` (
  `id` int(11) NOT NULL AUTO_INCREMENT,
  `email` varchar(255) COLLATE utf8_unicode_ci NOT NULL,
  `password` varchar(255) COLLATE utf8_unicode_ci NOT NULL,
  PRIMARY KEY (`id`)
) ENGINE=InnoDB AUTO_INCREMENT=15 DEFAULT CHARSET=utf8 COLLATE=utf8_unicode_ci;
/*!40101 SET character_set_client = @saved_cs_client */;

--
-- Dumping data for table `users`
--

LOCK TABLES `users` WRITE;
/*!40000 ALTER TABLE `users` DISABLE KEYS */;
INSERT INTO `users` VALUES (6,'hello@world.com','$1$945vzIGf$kVoM6CnXQWMCEQOKbAtfl.'),(7,'nouveau@hello.com','$2y$10$RolURapAvSLNQ6E89OmR1eh3aG.jtdX7G2cQG/WtwafWsduJOCnS6'),(8,'nouveau@hello.codm','$2y$10$txpth.qIsdQieIlW1GlWHe7gsHdJ2LVXHKcO5JnOKwef6fkkCa3im'),(9,'dsqd@qsdqs.qsd','$2y$10$WtGYHneeF05qL4e82LXf5ujiko8fHVHcZldEZWun8swD5eiEADXOW'),(10,'toothless@gmail.com','$2y$10$9l8.LR1Ng8pYBpiz//8/6uTuTE4/xkQZpeyrGlfxJt6FQqQhLCW7e'),(11,'hello@hello.com','$2y$10$N6BjAjrMN9HYSbilMyiE1.lYocnhJfmc6KfzwLhqj/xn0bWGi4L4e'),(12,'test@hello.com','$2y$10$WQsBkSYZPZVl.UE99lV5d.dm/WrajhssncpZtPohhekBDoCJHIHGe'),(13,'test@hello.com','$2y$10$SLW6JfCzu4z/wcIHUU4FEuULzwQ39HX5Kd.VxI/208MQLu3t3qQuG'),(14,'nouveau@gmail.com','$2y$10$Rb3g7pxGMWklAT435XBGM.F3JkU9ut4arAYld7i2g0flgcDtNAXBC');
/*!40000 ALTER TABLE `users` ENABLE KEYS */;
UNLOCK TABLES;
/*!40103 SET TIME_ZONE=@OLD_TIME_ZONE */;

/*!40101 SET SQL_MODE=@OLD_SQL_MODE */;
/*!40014 SET FOREIGN_KEY_CHECKS=@OLD_FOREIGN_KEY_CHECKS */;
/*!40014 SET UNIQUE_CHECKS=@OLD_UNIQUE_CHECKS */;
/*!40101 SET CHARACTER_SET_CLIENT=@OLD_CHARACTER_SET_CLIENT */;
/*!40101 SET CHARACTER_SET_RESULTS=@OLD_CHARACTER_SET_RESULTS */;
/*!40101 SET COLLATION_CONNECTION=@OLD_COLLATION_CONNECTION */;
/*!40111 SET SQL_NOTES=@OLD_SQL_NOTES */;

-- Dump completed on 2018-12-28 13:48:25
